INSERT INTO public.blog (id, blog_id, subject, description, create_date, update_date, delete_date, author, status) VALUES (22, 'eeeae9fe-32fb-4fad-87f6-298ad16bd0ed', 'Kaunas', 'Kaunas – antrasis pagal dydį Lietuvos miestas šalies centrinėje dalyje, Nemuno ir Neries santakoje. Svarbus pramonės, transporto, mokslo ir kultūros centras, Laikinoji sostinė. Kauno miesto savivaldybės, Kauno rajono savivaldybės, arkivyskupijos centras. Gyventojų skaičius – 298,8 tūkst.', '2022-05-25 22:56', null, null, null, null);
INSERT INTO public.blog (id, blog_id, subject, description, create_date, update_date, delete_date, author, status) VALUES (42, '4eca3821-081d-4e49-8543-f0f08da0d4e3', 'Visaginas', 'Visaginas – miestas Lietuvos šiaurės rytuose, Utenos apskrityje, 40 km į šiaurės rytus nuo Ignalinos. Visagino savivaldybės centras. Labiausiai žinomas dėl netoli Visagino esančios Ignalinos AE. Planuota šalia buvusios atominės elektrinės pastatyti naująją Visagino atominę elektrinę. Vikipedija
Plotas: 13,8 km²
Aukštis: 164 m
Gyventojų skaičius: 18 024 (2020-01-21)
Oras: 11 °C, vėjas R 4 m/s, 95 % drėgnumas weather.com
Viešbučiai: 3 žvaigždučių, vidutinė kaina 43 €. Žr. viešbučius
Vietinis laikas: 18:56, pirmadienis
Sporto komandos: FK Interas Visaginas, FK Visaginas, FK Evikonas Visaginas', '2022-05-30 18:57', null, null, null, null);
INSERT INTO public.blog (id, blog_id, subject, description, create_date, update_date, delete_date, author, status) VALUES (36, '19409ed4-28ee-42a3-a17a-da261b938fd8', 'Panevėžys', 'Panevėžys – miestas šiaurės Lietuvoje, Vidurio Lietuvos žemumoje, abipus Nevėžio, 136 km į šiaurės vakarus nuo Vilniaus. Vienas didžiųjų Lietuvos miestų. Vikipedija
Plotas: 52 km²
Aukštis: 61 m
Oras: 11 °C, vėjas ŠR 6 m/s, 93 % drėgnumas weather.com
Gyventojų skaičius: 85 885 (2020 m.)
Viešbučiai: 3 žvaigždučių, vidutinė kaina 47 €. Žr. viešbučius
Vietinis laikas: 18:53, pirmadienis
Namų apylinkės: Klaipėda, Pilėnai, Tulpės', '2022-05-30 18:54', null, null, null, null);
INSERT INTO public.blog (id, blog_id, subject, description, create_date, update_date, delete_date, author, status) VALUES (37, '27c04e31-2b2a-4264-8668-d3a353f7e6ac', 'Trakai', 'Trakai – miestas Vilniaus apskrityje, už 30 km į vakarus nuo Vilniaus centro. Trakų rajono savivaldybės ir seniūnijos centras, 3 seniūnaitijos. Pietinėje Trakų dalyje veikia kultūros namai, Trakų rajono centrinė ligoninė ir poliklinika, paštas. Urbanistikos paminklas. Miesto dalys: Trakų senamiestis Užutrakis Vikipedija
Plotas: 11,5 km²
Aukštis: 155 m
Oras: 11 °C, vėjas R 4 m/s, 94 % drėgnumas weather.com
Gyventojų skaičius: 4 141 (2020 m.)
Vietinis laikas: 18:54, pirmadienis
Vietininkas: Trãkuose', '2022-05-30 18:54', null, null, null, null);
INSERT INTO public.blog (id, blog_id, subject, description, create_date, update_date, delete_date, author, status) VALUES (38, '36f2eac5-8b98-455f-aad3-690bd733839c', 'Alytus', 'Alytus – didžiausias Pietų Lietuvos miestas, įsikūręs prie Nemuno, 65 km į pietus nuo Kauno ir 108 km į pietvakarius nuo Vilniaus. Apskrities, Alytaus rajono savivaldybės centras, Alytaus miesto savivaldybė, Alytaus seniūnijos ir katalikų dekanato centras. Vikipedija
Plotas: 48 km²
Aukštis: 200 m
Oras: 12 °C, vėjas PR 4 m/s, 93 % drėgnumas weather.com
Gyventojų skaičius: 49 195 (2021 m.)
Viešbučiai: 3 žvaigždučių, vidutinė kaina 63 €; 5 žvaigždučių, vidutinė kaina 111 €. Žr. viešbučius
Vietinis laikas: 18:55, pirmadienis
Vietininkas: Alytujè', '2022-05-30 18:55', null, null, null, null);
INSERT INTO public.blog (id, blog_id, subject, description, create_date, update_date, delete_date, author, status) VALUES (39, '1d73844e-beb1-45c2-ba61-b541ee089d5b', 'Prienai', 'Prienai – miestas Lietuvos pietuose, Kauno apskrityje, abipus Nemuno. Prienų rajono savivaldybės centras, priklauso Prienų seniūnijai. Didžioji Prienų dalis yra išsidėsčiusi kairiajame Nemuno krante – dešiniajame yra tik Paprienės mikrorajonas, kuriame yra centrinė ligoninė. Taip pat yra senelių globos namai. Vikipedija
Gyventojų skaičius: 8 610 (2018 m.)
Oras: 11 °C, vėjas R 4 m/s, 93 % drėgnumas weather.com
Vietinis laikas: 18:55, pirmadienis
Viešbučiai: 3 žvaigždučių, vidutinė kaina 98 €; 5 žvaigždučių, vidutinė kaina 111 €. Žr. viešbučius', '2022-05-30 18:55', null, null, null, null);
INSERT INTO public.blog (id, blog_id, subject, description, create_date, update_date, delete_date, author, status) VALUES (40, '8d34fe4b-24a3-429d-9913-9d5bd1f4c4c3', 'Druskininkai', 'Druskininkai – kurortinis miestas pačiuose Lietuvos pietuose, Dzūkijoje, Alytaus apskrityje, 60 km į pietus nuo Alytaus, netoli sienos su Baltarusija. Druskininkų savivaldybės centras. Druskininkai yra seniausias ir didžiausias visus metus veikiantis Lietuvos balneologinis, purvo ir klimatinis kurortas. Vikipedija
Plotas: 24 km²
Aukštis: 110 m
Oras: 12 °C, vėjas PV 4 m/s, 91 % drėgnumas weather.com
Gyventojų skaičius: 12 055 (2020 m.)
Vietinis laikas: 18:56, pirmadienis', '2022-05-30 18:56', null, null, null, null);
INSERT INTO public.blog (id, blog_id, subject, description, create_date, update_date, delete_date, author, status) VALUES (24, 'd3b87988-46a2-444d-97cc-4634d939179e', 'Šiauliai', 'Šiauliai – miestas šiaurės Lietuvoje, ketvirtasis pagal gyventojų skaičių šalies miestas; Šiaulių apskrities ir Šiaulių rajono savivaldybės administracinis centras. Šiauliai yra svarbus ekonominis ir susisiekimo centras, jame veikia Vilniaus universiteto Šiaulių akademija, miestas yra katalikiškos vyskupystės centras. Vikipedija
Plotas: 88 km²
Aukštis: 151 m
Oras: 11 °C, vėjas V 5 m/s, 94 % drėgnumas weather.com
Gyventojų skaičius: 101 511 (2020-01-01)
Vietinis laikas: 23:16, trečiadienis', '2022-05-29 23:38', null, null, null, null);
INSERT INTO public.blog (id, blog_id, subject, description, create_date, update_date, delete_date, author, status) VALUES (43, '0598c970-883b-4bcf-aa7a-e4dd3caf0110', 'Molėtai', 'Molėtai – miestas rytų Lietuvoje, Utenos apskrityje, 30 km į pietus nuo Utenos. Molėtų rajono savivaldybės ir Luokesos seniūnijos centras. Nutolę 63 km į šiaurę nuo Vilniaus, prie plento A14 Vilnius–Utena. Keliai į Ukmergę, Pabradę, Labanorą, Anykščius. Vikipedija
Gyventojų skaičius: 6 302 (2013 m.)
Oras: 11 °C, vėjas R 5 m/s, 92 % drėgnumas weather.com
Viešbučiai: 3 žvaigždučių, vidutinė kaina 59 €. Žr. viešbučius
Vietinis laikas: 18:57, pirmadienis', '2022-05-30 18:57', null, null, null, null);
INSERT INTO public.blog (id, blog_id, subject, description, create_date, update_date, delete_date, author, status) VALUES (44, '395ff3b7-a70a-496f-868b-3a21f11c5aae', 'Marijampolė', 'Marijampolė – miestas pietvakarių Lietuvoje, 56 km į pietvakarius nuo Kauno. Neoficiali Suvalkijos sostinė, taip pat Marijampolės apskrities, Marijampolės savivaldybės ir kaimiškosios seniūnijos centras. Marijampolė – septintas pagal dydį Lietuvos miestas, nuo 1994 m. apskrities centras. Vikipedija
Plotas: 21 km²
Aukštis: 86 m
Oras: 11 °C, vėjas ŠR 2 m/s, 96 % drėgnumas weather.com
Gyventojų skaičius: 34 975 (2017 m.)
Viešbučiai: 3 žvaigždučių, vidutinė kaina 48 €; 5 žvaigždučių, vidutinė kaina 80 €. Žr. viešbučius
Vietinis laikas: 18:58, pirmadienis', '2022-05-30 18:58', null, null, null, null);
INSERT INTO public.blog (id, blog_id, subject, description, create_date, update_date, delete_date, author, status) VALUES (45, '27fdeaa2-8b03-49e3-895f-b2241fd17eab', 'Kretinga', 'Kretinga – miestas vakarų Lietuvoje, Žemaitijoje, 11 km į rytus nuo Palangos ir 21 km į šiaurės rytus nuo Klaipėdos. Kretingos rajono savivaldybės, kaimiškosios seniūnijos, katalikų ir evangelikų liuteronų parapijų centras, Kretingos miesto seniūnija. Vikipedija
Oras: 12 °C, vėjas Š 2 m/s, 89 % drėgnumas weather.com
Viešbučiai: 3 žvaigždučių, vidutinė kaina 50 €. Žr. viešbučius
Vietinis laikas: 18:59, pirmadienis
Sporto komandos: BC Kretinga, KK Kretinga, Minija B, FK Kretinga', '2022-05-30 18:59', null, null, null, null);
INSERT INTO public.blog (id, blog_id, subject, description, create_date, update_date, delete_date, author, status) VALUES (46, '98a692b0-b0d5-4694-8c90-c56b439c6d8b', 'Kėdainiai', 'Kėdainiai – miestas vidurio Lietuvoje, Kauno apskrityje, abipus Nevėžio, už 51 km į šiaurę nuo Kauno. Kėdainių rajono savivaldybės ir seniūnijos centras. Senamiestis įtrauktas į kultūros paveldo registrą kaip valstybinės reikšmės urbanistikos paminklas. Čia stovi 4 bažnyčios ir 1 cerkvė. Vikipedija
Plotas: 25,5 km²
Aukštis: 39 m
Oras: 11 °C, vėjas ŠR 6 m/s, 94 % drėgnumas weather.com
Gyventojų skaičius: 22 677 (2020 m.)
Viešbučiai: 3 žvaigždučių, vidutinė kaina 46 €. Žr. viešbučius
Vietinis laikas: 18:59, pirmadienis', '2022-05-30 19:00', null, null, null, null);
INSERT INTO public.blog (id, blog_id, subject, description, create_date, update_date, delete_date, author, status) VALUES (23, 'fa570ff4-895c-4846-b403-d17d6d2cda0d', 'Vilnius', 'Vilnius – Lietuvos Respublikos sostinė, Vilniaus apskrities, Vilniaus rajono savivaldybės ir Vilniaus miesto savivaldybės centras. 2022 m. pradžioje mieste gyveno 592 389 gyventojai. Vilnius yra arkivyskupijos centras, nuo 1579 m. – universitetinis miestas.

Plotas: 401 km²
Aukštis: 112 m
Oras: 17 °C, vėjas V 3 m/s, 71 % drėgnumas weather.com
Gyventojų skaičius: 544 386 (2016 m.) Jungtinių Tautų Organizacija
Meras: Remigijus Šimašius
Vietinis laikas: 22:56, trečiadienis
Paviršius
Vilnius įsikūręs pačioje Baltijos aukštumų kalvyno juostoje, giliai išraižytoje vingiuoto Neries slėnio. Pietryčiuose paviršius kyla į kalvotą ir slėniuotą Medininkų aukštumą, šiaurėje – į ežeringą Aukštaičių aikštumą, kurios pietinis pakraštys – Riešės aukštuma – kyla ties šiaurės vakariniais miesto pakraščiais (pradedant Šeškine, Viršuliškėmis, Baltupiais, Santariškėmis). Šiaurės rytinė miesto dalis plyti Neries-Žeimenos žemumoje. Centrinė miesto dalis yra plačiame (~5 km) Neries senslėnyje, kuris link upės leidžiasi 8 terasomis. Gilų slėnį taip pat sudaro ir Neries intakas Vilnia. Aukštumos į senslėnį leidžiasi daugiausia stačiais, raguvų išraižytais, šaltiniuotais šlaitais.[4] Vietomis aukštumos priartėja prie pat upių ir taip dėl erozijos atsiveria skardžiai (pvz., Pūčkorių atodanga, Plikakalnio atodanga, Naujanerių atodanga).

Žemiausia miesto vieta (97 m) yra Neries pakrantėse, o aukščiausiai paviršius iškyla (234 m) Pavilnyje (Rokantiškių kalva).

Vilniaus Šeškinės mikrorajono teritorijoje, yra ledynmetinio akumuliacinio reljefo reliktas – Šeškinės ozas. Kiti raiškesni ledyniniai kraštovaizdžiai – Panerių kalvynas, Gariūnų sufozinis cirkas, Rasų-Ribiškių kalvynas.

Hidrologija
Visas miestas patenka į Neries baseiną. Upė maždaug viduriu kerta skersai visą miestą. Iš rytų Nerin labai vinguriuodama teka Vilnia su keletu trumpų intakų (Kaukysa, Murle), o pietinį miesto pakraštį juosia kitas Neries intakas – Vokė. Šiauriniais pakraščiais teka Neries intakas Riešė, be to, Nerin miesto teritorijoje įteka dar keletas smulkių upelių – Antavilis, Veržuva, Upelė (su Dvarčione), Verkė, Turniškė, Cedronas, Sudervėlė).

Mieste yra keletas ežerų: ežeringiausia yra šiaurės rytinė dalis, kur Antavilių miškuose telkšo Balžio, Antavilio, Juodžio, Tapelių, Skarbelio ežerai bei šiaurėje, šalia Verkių Riešės esantis Žaliųjų ežerų ežerynas (Balsys, Gulbinas, Mažasis Gulbinų ežeras, Raistelis ir kt.). Vakariniame pakraštyje, prie Pilaitės, telkšo Gelūžės, Salotės, Baltiešos ežerai. Keli smulkesni ežerėliai (Kairėnų ežeras, Naujųjų Verkių ežeras) bei tvenkiniai (Cedrono tvenkinys, Jeruzalės tvenkinys, Rokantiškių tvenkinys) telkšo kitur mieste.

Šiaurės rytiniame Vilniaus pakraštyje plyti Šeškučių pelkė.

Gamta
Pagrindinis želdynų masyvas Vilniuje – visą šiaurės rytinę miesto pusę užimantis Lavoriškių-Nemenčinės miškų pakraštys (Antavilių, Valakampių ir kt. miškai), kur vyrauja šilai. Šiaurėje, aplink Žaliuosius ežerus, auga Verkių miškas, o rytuose-pietryčiuose auga moreninių kalvynų viršūnes dengiantys miškai (Antakalnio, Belmonto, Pavilnių, Liepkalnio), kur vyrauja daugiausia pušynai ir eglynai. Per pietinę Vilniaus pusę driekiasi Panerių miškas, kuriame auga vienos aukščiausių Lietuvos eglių, o už Pilaitės ir Lazdynų prasideda Girulių miškas. Centrinėje miesto dalyje yra mažesnių miškų ir parkų: Vingio parkas, Kalvarijų parkas, Bernardinų sodas, Kalnų parkas, Misionierių sodai, Sapiegų rūmų parkas ir kt.

Mieste išlikę senų, saugomų medžių (Sapiegų parko liepa, Žvėryno liepa, Vingio parko liepų alėja, Kaštonų ratas Pilių parke, Aštuonių klevų ratas Vileišių sodyboje ir kt.), retų augalų rūšių augaviečių (Baltupių augavietė, kardalapio garbenio augavietė. Vaizdingiausios miesto vietos saugomos Pavilnių ir Verkių regioniniuose parkuose, be to, įsteigta daug draustinių.', '2022-05-30 19:00', null, null, null, null);
INSERT INTO public.blog (id, blog_id, subject, description, create_date, update_date, delete_date, author, status) VALUES (49, '8bf0860a-59ba-446b-86dc-92d58a4e1ec3', 'Please join us in welcoming, Maria de Jesus Paniagua Albor, to the Mano en Mano team', 'LMaria joins our Access to Essential Services and Advocacy  team in the role of Community Health and Wellness Advocate.  In her role she will partner with community members  to develop wellness programming based in racial equity and provide individuals and families additional support in navigating healthcare  systems.', '2022-01-01 18:00', '1999-01-01 00:00', '1999-01-01 00:00', 'Dominykas', 'Active');
INSERT INTO public.blog (id, blog_id, subject, description, create_date, update_date, delete_date, author, status) VALUES (50, '8bf0860a-59ba-446b-86dc-92d58a4e1ec4', 'Winter in the Migrant Education Program', 'This winter  the regional coordinators of the Migrant Education Program worked together to coordinate educational enrichment activities for families and students.  Activities took place statewide, both virtually and in person.  Each was designed to support all students in their academic and emotional gro', '2022-02-15 18:00', '1999-01-01 00:00', '1999-01-01 00:00', 'domas', 'Active');
INSERT INTO public.blog (id, blog_id, subject, description, create_date, update_date, delete_date, author, status) VALUES (51, '8bf0860a-59ba-446b-86dc-92d58a4e1ec5', 'Celebrating Haitian Literature', 'This April with support from the Maine Humanities Council, Mano en Mano is celebrating Haitian literature through a discussion based book club!', '2022-02-15 18:00', '1999-01-01 00:00', '1999-01-01 00:00', 'Robertas', 'Active');
INSERT INTO public.blog (id, blog_id, subject, description, create_date, update_date, delete_date, author, status) VALUES (52, '8bf0860a-59ba-446b-86dc-92d58a4e1ec6', 'Juana Rodriguez Vazquez named Executive Director of Mano en Mano', 'Juana brings over a decade of experience working alongside migrant communities and farmworkers, most recently serving as the organization''s Interim Executive Director. ', '2022-02-15 18:00', '1999-01-01 00:00', '1999-01-01 00:00', 'Gintautas', 'Active');
INSERT INTO public.blog (id, blog_id, subject, description, create_date, update_date, delete_date, author, status) VALUES (53, '8bf0860a-59ba-446b-86dc-92d58a4e1ec7', 'Easily organize, analyze, and scale with Premium', 'With 24/7 support, unlimited storage, 99.9% uptime SLA, and advanced features, Confluence Premium improves team productivity and scales as fast as your organization.', '2022-02-15 18:00', '1999-01-01 00:00', '1999-01-01 00:00', 'Mykolas', 'Active');
INSERT INTO public.blog (id, blog_id, subject, description, create_date, update_date, delete_date, author, status) VALUES (54, '8bf0860a-59ba-446b-86dc-92d58a4e1ec8', 'Opan Opu Oponok (Bread in the Oven)', 'This winter, regional coordinators of the Migrant Education Program (MEP) have been working alongside families and students statewide to provide educational support as well as culturally relevant enrichment activities.', '2022-02-15 18:00', '1999-01-01 00:00', '1999-01-01 00:00', 'Saulius', 'Active');
INSERT INTO public.blog (id, blog_id, subject, description, create_date, update_date, delete_date, author, status) VALUES (55, '8bf0860a-59ba-446b-86dc-92d58a4e1ec9', 'Rayitos de Sol is Expanding!', 'Mano en Mano is excited to share that Rayitos de Sol Bilingual Childcare will be expanding!  This past month Mano en Mano purchased land next to our Milbridge office location, which will eventually become the future site of the center.', '2022-02-15 18:00', '1999-01-01 00:00', '1999-01-01 00:00', 'dominykas', 'Active');
INSERT INTO public.blog (id, blog_id, subject, description, create_date, update_date, delete_date, author, status) VALUES (56, '8bf0860a-59ba-446b-86dc-92d58a4e1ec2', 'Change the way your teams work together', 'From team calendars and unlimited storage to advanced admin controls and external collaboration, Premium unleashes every team’s potential — from home or the office.', '2022-02-15 18:00', '1999-01-01 00:00', '1999-01-01 00:00', 'Tomas', 'Active');
INSERT INTO public.blog (id, blog_id, subject, description, create_date, update_date, delete_date, author, status) VALUES (57, '8bf0860a-59ba-446b-86dc-92d58a4e1ec1', 'Welcoming Seasonal Workers', 'This winter Mano en Mano staff worked throughout Washington and Hancock counties to support seasonal workers, and welcome them to Maine.', '2022-02-15 18:00', '1999-01-01 00:00', '1999-01-01 00:00', 'Algis', 'Active');
INSERT INTO public.blog (id, blog_id, subject, description, create_date, update_date, delete_date, author, status) VALUES (58, '8bf0860a-58ba-446b-86dc-92d58a4e1ec1', 'Welcome Home, DeAngelis Family', 'Shelby DeAngelis, mother of four, has been coming to Maine for the past 7 years to take part in the blueberry harvest and wreath making season.  Originally from Southern Maine, Shelby moved to Florida  and has been coming back to Maine to take part in seasonal work (blueberry harvesting/processing and wreath making), and spend time with family and friends in the Downeast area.', '2022-02-15 18:00', '1999-01-01 00:00', '1999-01-01 00:00', 'algis', 'Active');
INSERT INTO public.blog (id, blog_id, subject, description, create_date, update_date, delete_date, author, status) VALUES (59, '8bf0860a-57ba-446b-86dc-92d58a4e1ec1', 'Rayitos de Sol Celebrates Latinx Heritage Month- year round!', 'Each year, the United States observes Latinx Heritage Month from September 15 - October 15th, to celebrate the culture, history, and achievements of Latinx leaders, change-makers, and community members.  While this month brings awareness to the importance of celebrating identity and culture, the team at Rayitos de Sol is working to make this appreciation a year long occurrence! ', '2022-02-15 18:00', '1999-01-01 00:00', '1999-01-01 00:00', 'Lauris', 'Active');
INSERT INTO public.blog (id, blog_id, subject, description, create_date, update_date, delete_date, author, status) VALUES (60, '8bf0860a-56ba-446b-86dc-92d58a4e1ec1', 'Getting Maine Vaccinated', 'With support from the Health Resources and Services Administration and the National Alliance for Hispanic Health, Mano en Mano has hired six bilingual (Spanish/English) Vaccine Navigators located throughout the state.  Their goal is to establish and expand access to educational information and resources throughout Maine in order to support people in making their decision to get vaccinated against COVID-19.', '2022-02-15 18:00', '1999-01-01 00:00', '1999-01-01 00:00', 'Olegas', 'Active');
INSERT INTO public.blog (id, blog_id, subject, description, create_date, update_date, delete_date, author, status) VALUES (61, '8bf0860a-55ba-446b-86dc-92d58a4e1ec1', 'Welcome Home Downeast', 'Mano en Mano is excited to share the latest updates of our newest housing initiative, Welcome Home Downeast (LLC). Welcome Home Downeast LLC. is a subsidiary of Mano en Mano formed through a partnership with Sunrise County Economic Council (SCEC).  The project was developed to support families new to the Downeast area rent quality, affordable housing and begin the pathway to home ownership. Welcome Home Downeast’s goal is to purchase, renovate or build 6-7 homes in Milbridge, Cherryfield, Harrington, Gouldsboro or the surrounding area. ', '2022-02-15 18:00', '1999-01-01 00:00', '1999-01-01 00:00', 'Paulius', 'Active');
INSERT INTO public.blog (id, blog_id, subject, description, create_date, update_date, delete_date, author, status) VALUES (62, '8bf0860a-54ba-446b-86dc-92d58a4e1ec1', '2020 Annual Report', 'You can read the full report here as well as all reports from previous years. Read the report in Spanish here.', '2022-02-15 18:00', '1999-01-01 00:00', '1999-01-01 00:00', 'Zygis', 'Active');
INSERT INTO public.blog (id, blog_id, subject, description, create_date, update_date, delete_date, author, status) VALUES (63, '8bf0860a-53ba-446b-86dc-92d58a4e1ec1', 'A Week in the Life of Mano en Mano, August 16- 20', 'With a blink of an eye, we have arrived at our final week of the Blueberry Harvest School- and almost the end of summer!  The saying, “time flies when you are having fun” could not be more true, and while it has been a busy month, we are all sad to see the summer end.  Please read more below to see what the team at Mano en Mano was up to from August 16th- to August 20th.', '2022-02-15 18:00', '1999-01-01 00:00', '1999-01-01 00:00', 'Romas', 'Active');
INSERT INTO public.blog (id, blog_id, subject, description, create_date, update_date, delete_date, author, status) VALUES (64, '8bf0860a-52ba-446b-86dc-92d58a4e1ec1', 'A Week in the Life of Mano en Mano, August 16- 20', 'With a blink of an eye, we have arrived at our final week of the Blueberry Harvest School- and almost the end of summer!  The saying, “time flies when you are having fun” could not be more true, and while it has been a busy month, we are all sad to see the summer end.  Please read more below to see what the team at Mano en Mano was up to from August 16th- to August 20th.', '2022-02-15 18:00', '1999-01-01 00:00', '1999-01-01 00:00', 'Zilvinas', 'Active');

INSERT INTO public.comment (id, comment_id, text, create_date, update_date, delete_date, author, blog_id) VALUES (19, 'b474843d-2fd2-4553-aefa-7eace795ea6f', 'Labai grazus miestas', '2022-05-25 23:16', null, null, null, 23);
INSERT INTO public.comment (id, comment_id, text, create_date, update_date, delete_date, author, blog_id) VALUES (20, 'b6c0a9e5-fe6d-4e59-90b9-9876b17705ef', 'Daug dviraciu taku', '2022-05-25 23:16', null, null, null, 23);
INSERT INTO public.comment (id, comment_id, text, create_date, update_date, delete_date, author, blog_id) VALUES (21, 'b400c8de-5015-49a9-90fc-a1b7a2856285', 'Grazus senamiestis', '2022-05-25 23:16', null, null, null, 23);
INSERT INTO public.comment (id, comment_id, text, create_date, update_date, delete_date, author, blog_id) VALUES (22, '18490671-d5c6-4481-b3fa-7ce3efc69b22', 'Aukštis: 112 m Oras: 17 °C, vėjas V 3 m/s, 71 % drėgnumas weather.com Gyventojų skaičius: 544 386 (2016 m.) Jungtinių Tautų Organizacija Meras: Remigijus Šimašius Vietinis laikas: 22:56, trečiadienis', '2022-05-26 19:28', null, null, null, 23);
INSERT INTO public.comment (id, comment_id, text, create_date, update_date, delete_date, author, blog_id) VALUES (23, '6a2cdec2-f7b8-4798-96e0-8a3042ae3534', 'Vilnius – Lietuvos Respublikos sostinė, Vilniaus apskrities, Vilniaus rajono savivaldybės ir Vilniaus miesto savivaldybės centras. 2022 m. pradžioje mieste gyveno 592 389 gyventojai. Vilnius yra arkivyskupijos centras, nuo 1579 m. – universitetinis miestas. Plotas: 401 km² Aukštis: 112 m Oras: 17 °C, vėjas V 3 m/s, 71 % drėgnumas weather.com Gyventojų skaičius: 544 386 (2016 m.) Jungtinių Tautų Organizacija Meras: Remigijus Šimašius Vietinis laikas: 22:56, trečiadienis', '2022-05-26 19:28', null, null, null, 23);
INSERT INTO public.comment (id, comment_id, text, create_date, update_date, delete_date, author, blog_id) VALUES (24, 'e3d94010-a97d-481d-b4f0-0501d71a6192', 'Vilnius – Lietuvos Respublikos sostinė, Vilniaus apskrities, Vilniaus rajono savivaldybės ir Vilniaus miesto savivaldybės centras. 2022 m. pradžioje mieste gyveno 592 389 gyventojai. Vilnius yra arkivyskupijos centras, nuo 1579 m. – universitetinis miestas. Plotas: 401 km² Aukštis: 112 m Oras: 17 °C, vėjas V 3 m/s, 71 % drėgnumas weather.com Gyventojų skaičius: 544 386 (2016 m.) Jungtinių Tautų Organizacija Meras: Remigijus Šimašius Vietinis laikas: 22:56, trečiadienis.
Vilnius – Lietuvos Respublikos sostinė, Vilniaus apskrities, Vilniaus rajono savivaldybės ir Vilniaus miesto savivaldybės centras. 2022 m. pradžioje mieste gyveno 592 389 gyventojai. Vilnius yra arkivyskupijos centras, nuo 1579 m. – universitetinis miestas. Plotas: 401 km² Aukštis: 112 m Oras: 17 °C, vėjas V 3 m/s, 71 % drėgnumas weather.com Gyventojų skaičius: 544 386 (2016 m.) Jungtinių Tautų Organizacija Meras: Remigijus Šimašius Vietinis laikas: 22:56, trečiadienis', '2022-05-26 19:29', null, null, null, 23);
INSERT INTO public.comment (id, comment_id, text, create_date, update_date, delete_date, author, blog_id) VALUES (27, '434942a6-6bac-4fe8-b755-7b13a59efe8e', 'Siauliai nedidelis miestas vakaruose', '2022-05-27 08:39', null, null, null, 24);
INSERT INTO public.comment (id, comment_id, text, create_date, update_date, delete_date, author, blog_id) VALUES (28, '14b4b4a5-3a1d-4921-927f-11b281313fc1', 'xo xo', '2022-05-29 15:51', null, null, null, 24);
INSERT INTO public.comment (id, comment_id, text, create_date, update_date, delete_date, author, blog_id) VALUES (35, 'e5708ad3-8205-464e-813b-de95b91f7191', 'Daug ezeru', '2022-05-30 19:04', null, null, null, 43);
INSERT INTO public.comment (id, comment_id, text, create_date, update_date, delete_date, author, blog_id) VALUES (36, '1a73a074-be0e-4af1-ab4c-2f71a1e5dfce', 'komentaras apie Vilniu', '2022-05-31 18:48', null, null, null, 23);
INSERT INTO public.comment (id, comment_id, text, create_date, update_date, delete_date, author, blog_id) VALUES (37, 'aa36f6d6-9ae4-4e41-94c8-c5964f12b278', 'ttt', '2022-05-31 21:39', null, null, null, 46);
INSERT INTO public.comment (id, comment_id, text, create_date, update_date, delete_date, author, blog_id) VALUES (39, '8bf0860a-59ba-446b-86dc-92d58a4e1ec3', 'cia yra mano komentaras Blog3', '2022-02-15 18:00', '1999-01-01 00:00', '1999-01-01 00:00', 'domas', 3);
INSERT INTO public.comment (id, comment_id, text, create_date, update_date, delete_date, author, blog_id) VALUES (40, '8bf0860a-59ba-446b-86dc-92d58a4e1ec2', 'cia yra mano komentaras Blog2', '2022-02-15 18:00', '1999-01-01 00:00', '1999-01-01 00:00', 'Vytas', 2);
INSERT INTO public.comment (id, comment_id, text, create_date, update_date, delete_date, author, blog_id) VALUES (41, '8bf0860a-59ba-446b-86dc-92d58a4e1ec1', 'cia yra mano komentaras Blog3', '2022-02-15 18:00', '1999-01-01 00:00', '1999-01-01 00:00', 'Tomas', 3);


INSERT INTO authority (name)
VALUES ('ADMIN'),
       ('USER');

INSERT INTO users_authorities
VALUES (1, 1),
       (1, 2),
       (2, 2);